{
  "project_info": {
    "project_number": "145230432958",
    "project_id": "semh-175203",
    "storage_bucket": "semh-175203.appspot.com"
  },
  "client": [
    {
      "client_info": {
        "mobilesdk_app_id": "1:145230432958:android:b57c2238bc6aba9f73ecef",
        "android_client_info": {
          "package_name": "com.semh.mms"
        }
      },
      "oauth_client": [
        {
          "client_id": "145230432958-4f5qdm22kf24e25ucbnf1bm26v7labq9.apps.googleusercontent.com",
          "client_type": 1,
          "android_info": {
            "package_name": "com.semh.mms",
            "certificate_hash": "175fd3e05dbcdadfd5495a2ed37ed88a146acf07"
          }
        },
        {
          "client_id": "145230432958-22gn2ckqajp0nfu3t45kq0h8cdjfrd07.apps.googleusercontent.com",
          "client_type": 3
        }
      ],
      "api_key": [
        {
          "current_key": "AIzaSyAEoLN4Gvifg9FElA3GBLKD_OTVbxPX20Q"
        }
      ],
      "services": {
        "appinvite_service": {
          "other_platform_oauth_client": [
            {
              "client_id": "145230432958-22gn2ckqajp0nfu3t45kq0h8cdjfrd07.apps.googleusercontent.com",
              "client_type": 3
            }
          ]
        }
      }
    }
  ],
  "configuration_version": "1"
}